{"cameraMode":{"drawMode":0,"name":"Shaded","section":"Shading Mode"},"sceneLighting":true,"audioPlay":false,"sceneViewState":{"showFog":true,"showMaterialUpdate":false,"showSkybox":true,"showFlares":true,"showImageEffects":true,"showParticleSystems":true},"in2DMode":false,"pivot":{"x":-582.9557495117188,"y":-270.8283996582031,"z":139.9910430908203},"rotation":{"x":0.16881956160068513,"y":-0.5964789390563965,"z":0.1301523745059967,"w":0.7738355398178101},"size":346.3846130371094,"orthographic":false}