{"cameraMode":{"drawMode":0,"name":"Shaded","section":"Shading Mode"},"sceneLighting":false,"audioPlay":false,"sceneViewState":{"showFog":false,"showMaterialUpdate":false,"showSkybox":false,"showFlares":false,"showImageEffects":false,"showParticleSystems":false},"in2DMode":false,"pivot":{"x":-0.000002473592758178711,"y":0.06987905502319336,"z":-0.005555987358093262},"rotation":{"x":-0.09970317035913468,"y":0.6179618239402771,"z":-0.07941829413175583,"w":-0.7758562564849854},"size":0.48999226093292239,"orthographic":false}