{"cameraMode":{"drawMode":0,"name":"Shaded","section":"Shading Mode"},"sceneLighting":false,"audioPlay":false,"sceneViewState":{"showFog":true,"showMaterialUpdate":false,"showSkybox":false,"showFlares":true,"showImageEffects":true,"showParticleSystems":true},"in2DMode":false,"pivot":{"x":-180.8470458984375,"y":-0.500004768371582,"z":242.64456176757813},"rotation":{"x":0.2940068542957306,"y":0.3143797516822815,"z":-0.1030556783080101,"w":0.8967539668083191},"size":1.7626540660858155,"orthographic":false}